<?xml version="1.0" encoding="UTF-8" standalone="yes"?>
<template encoding-version="1.2">
    <description>This is a nifi template for blog teaching how to insert data to the database.</description>
    <groupId>59325ff3-016d-1000-2e0d-b88f0cba6296</groupId>
    <name>NifiFlow-Blog</name>
    <snippet>
        <connections>
            <id>12f123b2-e2fb-3c06-0000-000000000000</id>
            <parentGroupId>cf30180c-a89f-36eb-0000-000000000000</parentGroupId>
            <backPressureDataSizeThreshold>1 GB</backPressureDataSizeThreshold>
            <backPressureObjectThreshold>10000</backPressureObjectThreshold>
            <destination>
                <groupId>cf30180c-a89f-36eb-0000-000000000000</groupId>
                <id>e99315af-d433-3703-0000-000000000000</id>
                <type>PROCESSOR</type>
            </destination>
            <flowFileExpiration>0 sec</flowFileExpiration>
            <labelIndex>1</labelIndex>
            <loadBalanceCompression>DO_NOT_COMPRESS</loadBalanceCompression>
            <loadBalancePartitionAttribute></loadBalancePartitionAttribute>
            <loadBalanceStatus>LOAD_BALANCE_NOT_CONFIGURED</loadBalanceStatus>
            <loadBalanceStrategy>DO_NOT_LOAD_BALANCE</loadBalanceStrategy>
            <name></name>
            <selectedRelationships>success</selectedRelationships>
            <source>
                <groupId>cf30180c-a89f-36eb-0000-000000000000</groupId>
                <id>1836a69b-aa49-353a-0000-000000000000</id>
                <type>PROCESSOR</type>
            </source>
            <zIndex>0</zIndex>
        </connections>
        <connections>
            <id>2bd5e912-ef15-3fff-0000-000000000000</id>
            <parentGroupId>cf30180c-a89f-36eb-0000-000000000000</parentGroupId>
            <backPressureDataSizeThreshold>1 GB</backPressureDataSizeThreshold>
            <backPressureObjectThreshold>10000</backPressureObjectThreshold>
            <destination>
                <groupId>cf30180c-a89f-36eb-0000-000000000000</groupId>
                <id>2385ced8-044c-3468-0000-000000000000</id>
                <type>PROCESSOR</type>
            </destination>
            <flowFileExpiration>0 sec</flowFileExpiration>
            <labelIndex>1</labelIndex>
            <loadBalanceCompression>DO_NOT_COMPRESS</loadBalanceCompression>
            <loadBalancePartitionAttribute></loadBalancePartitionAttribute>
            <loadBalanceStatus>LOAD_BALANCE_NOT_CONFIGURED</loadBalanceStatus>
            <loadBalanceStrategy>DO_NOT_LOAD_BALANCE</loadBalanceStrategy>
            <name></name>
            <selectedRelationships>matched</selectedRelationships>
            <source>
                <groupId>cf30180c-a89f-36eb-0000-000000000000</groupId>
                <id>e99315af-d433-3703-0000-000000000000</id>
                <type>PROCESSOR</type>
            </source>
            <zIndex>0</zIndex>
        </connections>
        <connections>
            <id>afbe7c09-d7a2-354b-0000-000000000000</id>
            <parentGroupId>cf30180c-a89f-36eb-0000-000000000000</parentGroupId>
            <backPressureDataSizeThreshold>1 GB</backPressureDataSizeThreshold>
            <backPressureObjectThreshold>10000</backPressureObjectThreshold>
            <bends>
                <x>477.66885046056814</x>
                <y>582.7485355170998</y>
            </bends>
            <bends>
                <x>477.66885046056814</x>
                <y>632.7485355170998</y>
            </bends>
            <destination>
                <groupId>cf30180c-a89f-36eb-0000-000000000000</groupId>
                <id>2385ced8-044c-3468-0000-000000000000</id>
                <type>PROCESSOR</type>
            </destination>
            <flowFileExpiration>0 sec</flowFileExpiration>
            <labelIndex>1</labelIndex>
            <loadBalanceCompression>DO_NOT_COMPRESS</loadBalanceCompression>
            <loadBalancePartitionAttribute></loadBalancePartitionAttribute>
            <loadBalanceStatus>LOAD_BALANCE_NOT_CONFIGURED</loadBalanceStatus>
            <loadBalanceStrategy>DO_NOT_LOAD_BALANCE</loadBalanceStrategy>
            <name></name>
            <selectedRelationships>success</selectedRelationships>
            <source>
                <groupId>cf30180c-a89f-36eb-0000-000000000000</groupId>
                <id>2385ced8-044c-3468-0000-000000000000</id>
                <type>PROCESSOR</type>
            </source>
            <zIndex>0</zIndex>
        </connections>
        <controllerServices>
            <id>05f2add3-fd46-3edf-0000-000000000000</id>
            <parentGroupId>cf30180c-a89f-36eb-0000-000000000000</parentGroupId>
            <bundle>
                <artifact>nifi-dbcp-service-nar</artifact>
                <group>org.apache.nifi</group>
                <version>1.9.2</version>
            </bundle>
            <comments></comments>
            <descriptors>
                <entry>
                    <key>Database Connection URL</key>
                    <value>
                        <name>Database Connection URL</name>
                    </value>
                </entry>
                <entry>
                    <key>Database Driver Class Name</key>
                    <value>
                        <name>Database Driver Class Name</name>
                    </value>
                </entry>
                <entry>
                    <key>database-driver-locations</key>
                    <value>
                        <name>database-driver-locations</name>
                    </value>
                </entry>
                <entry>
                    <key>kerberos-credentials-service</key>
                    <value>
                        <identifiesControllerService>org.apache.nifi.kerberos.KerberosCredentialsService</identifiesControllerService>
                        <name>kerberos-credentials-service</name>
                    </value>
                </entry>
                <entry>
                    <key>Database User</key>
                    <value>
                        <name>Database User</name>
                    </value>
                </entry>
                <entry>
                    <key>Password</key>
                    <value>
                        <name>Password</name>
                    </value>
                </entry>
                <entry>
                    <key>Max Wait Time</key>
                    <value>
                        <name>Max Wait Time</name>
                    </value>
                </entry>
                <entry>
                    <key>Max Total Connections</key>
                    <value>
                        <name>Max Total Connections</name>
                    </value>
                </entry>
                <entry>
                    <key>Validation-query</key>
                    <value>
                        <name>Validation-query</name>
                    </value>
                </entry>
                <entry>
                    <key>dbcp-min-idle-conns</key>
                    <value>
                        <name>dbcp-min-idle-conns</name>
                    </value>
                </entry>
                <entry>
                    <key>dbcp-max-idle-conns</key>
                    <value>
                        <name>dbcp-max-idle-conns</name>
                    </value>
                </entry>
                <entry>
                    <key>dbcp-max-conn-lifetime</key>
                    <value>
                        <name>dbcp-max-conn-lifetime</name>
                    </value>
                </entry>
                <entry>
                    <key>dbcp-time-between-eviction-runs</key>
                    <value>
                        <name>dbcp-time-between-eviction-runs</name>
                    </value>
                </entry>
                <entry>
                    <key>dbcp-min-evictable-idle-time</key>
                    <value>
                        <name>dbcp-min-evictable-idle-time</name>
                    </value>
                </entry>
                <entry>
                    <key>dbcp-soft-min-evictable-idle-time</key>
                    <value>
                        <name>dbcp-soft-min-evictable-idle-time</name>
                    </value>
                </entry>
            </descriptors>
            <name>DBCPConnectionPool</name>
            <persistsState>false</persistsState>
            <properties>
                <entry>
                    <key>Database Connection URL</key>
                    <value>jdbc:postgresql://127.0.0.1:5432/Nifi</value>
                </entry>
                <entry>
                    <key>Database Driver Class Name</key>
                    <value>org.postgresql.Driver</value>
                </entry>
                <entry>
                    <key>database-driver-locations</key>
                    <value>/home/tek/Documents/nifi/postgres-jar/postgresql-42.2.8.jar</value>
                </entry>
                <entry>
                    <key>kerberos-credentials-service</key>
                </entry>
                <entry>
                    <key>Database User</key>
                    <value>postgres</value>
                </entry>
                <entry>
                    <key>Password</key>
                </entry>
                <entry>
                    <key>Max Wait Time</key>
                    <value>500 millis</value>
                </entry>
                <entry>
                    <key>Max Total Connections</key>
                    <value>8</value>
                </entry>
                <entry>
                    <key>Validation-query</key>
                </entry>
                <entry>
                    <key>dbcp-min-idle-conns</key>
                    <value>0</value>
                </entry>
                <entry>
                    <key>dbcp-max-idle-conns</key>
                    <value>8</value>
                </entry>
                <entry>
                    <key>dbcp-max-conn-lifetime</key>
                    <value>-1</value>
                </entry>
                <entry>
                    <key>dbcp-time-between-eviction-runs</key>
                    <value>-1</value>
                </entry>
                <entry>
                    <key>dbcp-min-evictable-idle-time</key>
                    <value>30 mins</value>
                </entry>
                <entry>
                    <key>dbcp-soft-min-evictable-idle-time</key>
                    <value>-1</value>
                </entry>
            </properties>
            <state>ENABLED</state>
            <type>org.apache.nifi.dbcp.DBCPConnectionPool</type>
        </controllerServices>
        <processors>
            <id>1836a69b-aa49-353a-0000-000000000000</id>
            <parentGroupId>cf30180c-a89f-36eb-0000-000000000000</parentGroupId>
            <position>
                <x>0.0</x>
                <y>0.0</y>
            </position>
            <bundle>
                <artifact>nifi-standard-nar</artifact>
                <group>org.apache.nifi</group>
                <version>1.9.2</version>
            </bundle>
            <config>
                <bulletinLevel>WARN</bulletinLevel>
                <comments></comments>
                <concurrentlySchedulableTaskCount>1</concurrentlySchedulableTaskCount>
                <descriptors>
                    <entry>
                        <key>File Size</key>
                        <value>
                            <name>File Size</name>
                        </value>
                    </entry>
                    <entry>
                        <key>Batch Size</key>
                        <value>
                            <name>Batch Size</name>
                        </value>
                    </entry>
                    <entry>
                        <key>Data Format</key>
                        <value>
                            <name>Data Format</name>
                        </value>
                    </entry>
                    <entry>
                        <key>Unique FlowFiles</key>
                        <value>
                            <name>Unique FlowFiles</name>
                        </value>
                    </entry>
                    <entry>
                        <key>generate-ff-custom-text</key>
                        <value>
                            <name>generate-ff-custom-text</name>
                        </value>
                    </entry>
                    <entry>
                        <key>character-set</key>
                        <value>
                            <name>character-set</name>
                        </value>
                    </entry>
                </descriptors>
                <executionNode>ALL</executionNode>
                <lossTolerant>false</lossTolerant>
                <penaltyDuration>30 sec</penaltyDuration>
                <properties>
                    <entry>
                        <key>File Size</key>
                        <value>1B</value>
                    </entry>
                    <entry>
                        <key>Batch Size</key>
                        <value>1</value>
                    </entry>
                    <entry>
                        <key>Data Format</key>
                        <value>Text</value>
                    </entry>
                    <entry>
                        <key>Unique FlowFiles</key>
                        <value>false</value>
                    </entry>
                    <entry>
                        <key>generate-ff-custom-text</key>
                        <value>abc,abc@gmail.com</value>
                    </entry>
                    <entry>
                        <key>character-set</key>
                        <value>UTF-8</value>
                    </entry>
                </properties>
                <runDurationMillis>0</runDurationMillis>
                <schedulingPeriod>0 sec</schedulingPeriod>
                <schedulingStrategy>TIMER_DRIVEN</schedulingStrategy>
                <yieldDuration>1 sec</yieldDuration>
            </config>
            <executionNodeRestricted>false</executionNodeRestricted>
            <name>GenerateFlowFile</name>
            <relationships>
                <autoTerminate>false</autoTerminate>
                <name>success</name>
            </relationships>
            <state>STOPPED</state>
            <style/>
            <type>org.apache.nifi.processors.standard.GenerateFlowFile</type>
        </processors>
        <processors>
            <id>2385ced8-044c-3468-0000-000000000000</id>
            <parentGroupId>cf30180c-a89f-36eb-0000-000000000000</parentGroupId>
            <position>
                <x>14.668850460568137</x>
                <y>542.7485355170998</y>
            </position>
            <bundle>
                <artifact>nifi-standard-nar</artifact>
                <group>org.apache.nifi</group>
                <version>1.9.2</version>
            </bundle>
            <config>
                <bulletinLevel>WARN</bulletinLevel>
                <comments></comments>
                <concurrentlySchedulableTaskCount>1</concurrentlySchedulableTaskCount>
                <descriptors>
                    <entry>
                        <key>JDBC Connection Pool</key>
                        <value>
                            <identifiesControllerService>org.apache.nifi.dbcp.DBCPService</identifiesControllerService>
                            <name>JDBC Connection Pool</name>
                        </value>
                    </entry>
                    <entry>
                        <key>putsql-sql-statement</key>
                        <value>
                            <name>putsql-sql-statement</name>
                        </value>
                    </entry>
                    <entry>
                        <key>Support Fragmented Transactions</key>
                        <value>
                            <name>Support Fragmented Transactions</name>
                        </value>
                    </entry>
                    <entry>
                        <key>database-session-autocommit</key>
                        <value>
                            <name>database-session-autocommit</name>
                        </value>
                    </entry>
                    <entry>
                        <key>Transaction Timeout</key>
                        <value>
                            <name>Transaction Timeout</name>
                        </value>
                    </entry>
                    <entry>
                        <key>Batch Size</key>
                        <value>
                            <name>Batch Size</name>
                        </value>
                    </entry>
                    <entry>
                        <key>Obtain Generated Keys</key>
                        <value>
                            <name>Obtain Generated Keys</name>
                        </value>
                    </entry>
                    <entry>
                        <key>rollback-on-failure</key>
                        <value>
                            <name>rollback-on-failure</name>
                        </value>
                    </entry>
                </descriptors>
                <executionNode>ALL</executionNode>
                <lossTolerant>false</lossTolerant>
                <penaltyDuration>30 sec</penaltyDuration>
                <properties>
                    <entry>
                        <key>JDBC Connection Pool</key>
                        <value>05f2add3-fd46-3edf-0000-000000000000</value>
                    </entry>
                    <entry>
                        <key>putsql-sql-statement</key>
                        <value>INSERT INTO repository(fname , email ) VALUES ('${data.1}','${data.2}');</value>
                    </entry>
                    <entry>
                        <key>Support Fragmented Transactions</key>
                        <value>true</value>
                    </entry>
                    <entry>
                        <key>database-session-autocommit</key>
                        <value>false</value>
                    </entry>
                    <entry>
                        <key>Transaction Timeout</key>
                    </entry>
                    <entry>
                        <key>Batch Size</key>
                        <value>5</value>
                    </entry>
                    <entry>
                        <key>Obtain Generated Keys</key>
                        <value>false</value>
                    </entry>
                    <entry>
                        <key>rollback-on-failure</key>
                        <value>false</value>
                    </entry>
                </properties>
                <runDurationMillis>0</runDurationMillis>
                <schedulingPeriod>0 sec</schedulingPeriod>
                <schedulingStrategy>TIMER_DRIVEN</schedulingStrategy>
                <yieldDuration>1 sec</yieldDuration>
            </config>
            <executionNodeRestricted>false</executionNodeRestricted>
            <name>PutSQL</name>
            <relationships>
                <autoTerminate>true</autoTerminate>
                <name>failure</name>
            </relationships>
            <relationships>
                <autoTerminate>true</autoTerminate>
                <name>retry</name>
            </relationships>
            <relationships>
                <autoTerminate>false</autoTerminate>
                <name>success</name>
            </relationships>
            <state>STOPPED</state>
            <style/>
            <type>org.apache.nifi.processors.standard.PutSQL</type>
        </processors>
        <processors>
            <id>e99315af-d433-3703-0000-000000000000</id>
            <parentGroupId>cf30180c-a89f-36eb-0000-000000000000</parentGroupId>
            <position>
                <x>14.668874792150518</x>
                <y>210.69846699688878</y>
            </position>
            <bundle>
                <artifact>nifi-standard-nar</artifact>
                <group>org.apache.nifi</group>
                <version>1.9.2</version>
            </bundle>
            <config>
                <bulletinLevel>WARN</bulletinLevel>
                <comments></comments>
                <concurrentlySchedulableTaskCount>1</concurrentlySchedulableTaskCount>
                <descriptors>
                    <entry>
                        <key>Character Set</key>
                        <value>
                            <name>Character Set</name>
                        </value>
                    </entry>
                    <entry>
                        <key>Maximum Buffer Size</key>
                        <value>
                            <name>Maximum Buffer Size</name>
                        </value>
                    </entry>
                    <entry>
                        <key>Maximum Capture Group Length</key>
                        <value>
                            <name>Maximum Capture Group Length</name>
                        </value>
                    </entry>
                    <entry>
                        <key>Enable Canonical Equivalence</key>
                        <value>
                            <name>Enable Canonical Equivalence</name>
                        </value>
                    </entry>
                    <entry>
                        <key>Enable Case-insensitive Matching</key>
                        <value>
                            <name>Enable Case-insensitive Matching</name>
                        </value>
                    </entry>
                    <entry>
                        <key>Permit Whitespace and Comments in Pattern</key>
                        <value>
                            <name>Permit Whitespace and Comments in Pattern</name>
                        </value>
                    </entry>
                    <entry>
                        <key>Enable DOTALL Mode</key>
                        <value>
                            <name>Enable DOTALL Mode</name>
                        </value>
                    </entry>
                    <entry>
                        <key>Enable Literal Parsing of the Pattern</key>
                        <value>
                            <name>Enable Literal Parsing of the Pattern</name>
                        </value>
                    </entry>
                    <entry>
                        <key>Enable Multiline Mode</key>
                        <value>
                            <name>Enable Multiline Mode</name>
                        </value>
                    </entry>
                    <entry>
                        <key>Enable Unicode-aware Case Folding</key>
                        <value>
                            <name>Enable Unicode-aware Case Folding</name>
                        </value>
                    </entry>
                    <entry>
                        <key>Enable Unicode Predefined Character Classes</key>
                        <value>
                            <name>Enable Unicode Predefined Character Classes</name>
                        </value>
                    </entry>
                    <entry>
                        <key>Enable Unix Lines Mode</key>
                        <value>
                            <name>Enable Unix Lines Mode</name>
                        </value>
                    </entry>
                    <entry>
                        <key>Include Capture Group 0</key>
                        <value>
                            <name>Include Capture Group 0</name>
                        </value>
                    </entry>
                    <entry>
                        <key>extract-text-enable-repeating-capture-group</key>
                        <value>
                            <name>extract-text-enable-repeating-capture-group</name>
                        </value>
                    </entry>
                    <entry>
                        <key>data</key>
                        <value>
                            <name>data</name>
                        </value>
                    </entry>
                </descriptors>
                <executionNode>ALL</executionNode>
                <lossTolerant>false</lossTolerant>
                <penaltyDuration>30 sec</penaltyDuration>
                <properties>
                    <entry>
                        <key>Character Set</key>
                        <value>UTF-8</value>
                    </entry>
                    <entry>
                        <key>Maximum Buffer Size</key>
                        <value>1 MB</value>
                    </entry>
                    <entry>
                        <key>Maximum Capture Group Length</key>
                        <value>1024</value>
                    </entry>
                    <entry>
                        <key>Enable Canonical Equivalence</key>
                        <value>false</value>
                    </entry>
                    <entry>
                        <key>Enable Case-insensitive Matching</key>
                        <value>false</value>
                    </entry>
                    <entry>
                        <key>Permit Whitespace and Comments in Pattern</key>
                        <value>false</value>
                    </entry>
                    <entry>
                        <key>Enable DOTALL Mode</key>
                        <value>false</value>
                    </entry>
                    <entry>
                        <key>Enable Literal Parsing of the Pattern</key>
                        <value>false</value>
                    </entry>
                    <entry>
                        <key>Enable Multiline Mode</key>
                        <value>false</value>
                    </entry>
                    <entry>
                        <key>Enable Unicode-aware Case Folding</key>
                        <value>false</value>
                    </entry>
                    <entry>
                        <key>Enable Unicode Predefined Character Classes</key>
                        <value>false</value>
                    </entry>
                    <entry>
                        <key>Enable Unix Lines Mode</key>
                        <value>false</value>
                    </entry>
                    <entry>
                        <key>Include Capture Group 0</key>
                        <value>true</value>
                    </entry>
                    <entry>
                        <key>extract-text-enable-repeating-capture-group</key>
                        <value>false</value>
                    </entry>
                    <entry>
                        <key>data</key>
                        <value>(.+),(.+)</value>
                    </entry>
                </properties>
                <runDurationMillis>0</runDurationMillis>
                <schedulingPeriod>0 sec</schedulingPeriod>
                <schedulingStrategy>TIMER_DRIVEN</schedulingStrategy>
                <yieldDuration>1 sec</yieldDuration>
            </config>
            <executionNodeRestricted>false</executionNodeRestricted>
            <name>ExtractText</name>
            <relationships>
                <autoTerminate>false</autoTerminate>
                <name>matched</name>
            </relationships>
            <relationships>
                <autoTerminate>true</autoTerminate>
                <name>unmatched</name>
            </relationships>
            <state>STOPPED</state>
            <style/>
            <type>org.apache.nifi.processors.standard.ExtractText</type>
        </processors>
    </snippet>
    <timestamp>01/18/2020 14:50:57 EET</timestamp>
</template>
